codon,frequency
AAA,33.68
AAC,21.64
AAG,10.23
AAT,17.50
ACA,6.91
ACC,23.49
ACG,14.40
ACT,8.89
AGA,1.96
AGC,16.08
AGG,1.09
AGT,8.67
ATA,4.17
ATC,25.26
ATG,27.86
ATT,30.48
CAA,15.37
CAC,9.71
CAG,28.94
CAT,12.83
CCA,8.40
CCC,5.44
CCG,23.36
CCT,6.94
CGA,3.49
CGC,22.09
CGG,5.32
CGT,21.11
CTA,3.88
CTC,11.15
CTG,53.13
CTT,10.98
GAA,39.73
GAC,19.17
GAG,17.80
GAT,32.07
GCA,20.17
GCC,25.65
GCG,33.91
GCT,15.26
GGA,7.82
GGC,29.81
GGG,10.97
GGT,24.83
GTA,10.91
GTC,15.30
GTG,26.33
GTT,18.33
TAA,2.06
TAC,12.21
TAG,0.23
TAT,16.04
TCA,7.05
TCC,8.62
TCG,8.91
TCT,8.43
TGA,0.94
TGC,6.45
TGG,15.21
TGT,5.12
TTA,13.79
TTC,16.57
TTG,13.64
TTT,22.24
